id,title,description,availability,condition,price,link,image_link,brand,google_product_category
"nova-style-miroir-elvis","Nova Style : Miroir ELVIS","Nova Style : Miroir ELVIS","in stock","new","2000 MAD","https://novastyle.ma/produits/nova-style-miroir-elvis/","https://novastyle.ma/images/nova-style-miroir-elvis/1.webp","Nova Style","Home & Garden > Decor > Mirrors"
"nova-style-miroir-emeraude","Nova Style : Miroir Emeraude","Nova Style : Miroir Emeraude","in stock","new","450 MAD","https://novastyle.ma/produits/nova-style-miroir-emeraude/","https://novastyle.ma/images/nova-style-miroir-emeraude/1.webp","Nova Style","Home & Garden > Decor > Mirrors"
"nova-style-miroir-vega","Miroir de salle de bain casablanca Miroir VEGA","Miroir de salle de bain casablanca Miroir VEGA","in stock","new","800 MAD","https://novastyle.ma/produits/nova-style-miroir-vega/","https://novastyle.ma/images/nova-style-miroir-vega/1.webp","Nova Style","Home & Garden > Decor > Mirrors"
"nova-style-miroir-double-cercle","Nova Style : Miroir double cercle","Nova Style : Miroir double cercle","in stock","new","900 MAD","https://novastyle.ma/produits/nova-style-miroir-double-cercle/","https://novastyle.ma/images/nova-style-miroir-double-cercle/1.webp","Nova Style","Home & Garden > Decor > Mirrors"
"nova-style-miroir-anfa-cm","Nova Style : Miroir ANFA CM - Miroir Salle de Bain avec Cadre","Nova Style : Miroir ANFA CM - Miroir Salle de Bain avec Cadre","in stock","new","1580 MAD","https://novastyle.ma/produits/nova-style-miroir-anfa-cm/","https://novastyle.ma/images/nova-style-miroir-anfa-cm/1.webp","Nova Style","Home & Garden > Decor > Mirrors"
"nova-style-miroir-anfa-half-plus","Nova Style : Miroir ANFA HALF PLUS","Nova Style : Miroir ANFA HALF PLUS","in stock","new","650 MAD","https://novastyle.ma/produits/nova-style-miroir-anfa-half-plus/","https://novastyle.ma/images/nova-style-miroir-anfa-half-plus/1.webp","Nova Style","Home & Garden > Decor > Mirrors"
"nova-style-ensemble-meuble-et-miroir-retroeclaire","Nova Style : Ensemble Meuble et Miroir rétroéclairé","Nova Style : Ensemble Meuble et Miroir rétroéclairé","in stock","new","0 MAD","https://novastyle.ma/produits/nova-style-ensemble-meuble-et-miroir-retroeclaire/","https://novastyle.ma/images/nova-style-ensemble-meuble-et-miroir-retroeclaire/1.webp","Nova Style","Home & Garden > Decor > Mirrors"
"nova-style-miroir-archway","Nova Style : Miroir ARCHWAY Grand miroir de salon et dressing","Nova Style : Miroir ARCHWAY Grand miroir de salon et dressing","in stock","new","2000 MAD","https://novastyle.ma/produits/nova-style-miroir-archway/","https://novastyle.ma/images/nova-style-miroir-archway/1.webp","Nova Style","Home & Garden > Decor > Mirrors"
"nova-style-miroir-iceberg","Nova Style : Miroir ICEBERG","Nova Style : Miroir ICEBERG","in stock","new","1030 MAD","https://novastyle.ma/produits/nova-style-miroir-iceberg/","https://novastyle.ma/images/nova-style-miroir-iceberg/1.webp","Nova Style","Home & Garden > Decor > Mirrors"
"nova-style-miroir-croissant-de-lune-ii-finition-noyer","Nova Style : Miroir Croissant de lune II Finition Noyer","Nova Style : Miroir Croissant de lune II Finition Noyer","in stock","new","1700 MAD","https://novastyle.ma/produits/nova-style-miroir-croissant-de-lune-ii-finition-noyer/","https://novastyle.ma/images/nova-style-miroir-croissant-de-lune-ii-finition-noyer/1.webp","Nova Style","Home & Garden > Decor > Mirrors"
"nova-style-miroir-croissant-de-lune","Nova Style : Miroir Croissant de lune","Nova Style : Miroir Croissant de lune","in stock","new","1000 MAD","https://novastyle.ma/produits/nova-style-miroir-croissant-de-lune/","https://novastyle.ma/images/nova-style-miroir-croissant-de-lune/1.webp","Nova Style","Home & Garden > Decor > Mirrors"
"nova-style-miroir-azalee","miroir salle de bain avec cadre de Nova Style : Miroir Azalée","miroir salle de bain avec cadre de Nova Style : Miroir Azalée","in stock","new","1600 MAD","https://novastyle.ma/produits/nova-style-miroir-azalee/","https://novastyle.ma/images/nova-style-miroir-azalee/1.webp","Nova Style","Home & Garden > Decor > Mirrors"
"nova-style-miroir-anfa-plus","Nova Style : Miroir ANFA PLUS","Nova Style : Miroir ANFA PLUS","in stock","new","540 MAD","https://novastyle.ma/produits/nova-style-miroir-anfa-plus/","https://novastyle.ma/images/nova-style-miroir-anfa-plus/1.webp","Nova Style","Home & Garden > Decor > Mirrors"
"nova-style-miroir-rond","Nova Style : Miroir ROND","Nova Style : Miroir ROND","in stock","new","700 MAD","https://novastyle.ma/produits/nova-style-miroir-rond/","https://novastyle.ma/images/nova-style-miroir-rond/1.webp","Nova Style","Home & Garden > Decor > Mirrors"
"nova-style-miroir-hawaii","Nova Style : Miroir HAWAII","Nova Style : Miroir HAWAII","in stock","new","2300 MAD","https://novastyle.ma/produits/nova-style-miroir-hawaii/","https://novastyle.ma/images/nova-style-miroir-hawaii/1.webp","Nova Style","Home & Garden > Decor > Mirrors"
"nova-style-miroir-croissant-de-lune-ii","Nova Style : Miroir Croissant de lune II","Nova Style : Miroir Croissant de lune II","in stock","new","1000 MAD","https://novastyle.ma/produits/nova-style-miroir-croissant-de-lune-ii/","https://novastyle.ma/images/nova-style-miroir-croissant-de-lune-ii/1.webp","Nova Style","Home & Garden > Decor > Mirrors"
"nova-style-miroir-victoria","Nova Style : Miroir VICTORIA","Nova Style : Miroir VICTORIA","in stock","new","1100 MAD","https://novastyle.ma/produits/nova-style-miroir-victoria/","https://novastyle.ma/images/nova-style-miroir-victoria/1.webp","Nova Style","Home & Garden > Decor > Mirrors"
"nova-style-miroir-bloom","Salle de bain Nova Style : Miroir BLOOM","Salle de bain Nova Style : Miroir BLOOM","in stock","new","500 MAD","https://novastyle.ma/produits/nova-style-miroir-bloom/","https://novastyle.ma/images/nova-style-miroir-bloom/1.webp","Nova Style","Home & Garden > Decor > Mirrors"
"nova-style-miroir-magnum-sdb","Nova Style : Miroir MAGNUM SDB","Nova Style : Miroir MAGNUM SDB","in stock","new","500 MAD","https://novastyle.ma/produits/nova-style-miroir-magnum-sdb/","https://novastyle.ma/images/nova-style-miroir-magnum-sdb/1.webp","Nova Style","Home & Garden > Decor > Mirrors"
"nova-style-ensemble-console-et-miroir","NOVA STYLE : Ensemble Console et Miroir","NOVA STYLE : Ensemble Console et Miroir","in stock","new","4999 MAD","https://novastyle.ma/produits/nova-style-ensemble-console-et-miroir/","https://novastyle.ma/images/nova-style-ensemble-console-et-miroir/1.webp","Nova Style","Home & Garden > Decor > Mirrors"
"nova-style-deux-miroirs-anfa-medina","miroir salle de bain avec led Nova Style : Deux Miroirs Anfa & Medina","miroir salle de bain avec led Nova Style : Deux Miroirs Anfa & Medina","in stock","new","1000 MAD","https://novastyle.ma/produits/nova-style-deux-miroirs-anfa-medina/","https://novastyle.ma/images/nova-style-deux-miroirs-anfa-medina/1.webp","Nova Style","Home & Garden > Decor > Mirrors"
"miroir-salle-de-bain-nova-style-miroir-pear-ii-cm","miroir salle de bain Nova Style : Miroir PEAR II CM","miroir salle de bain Nova Style : Miroir PEAR II CM","in stock","new","1500 MAD","https://novastyle.ma/produits/miroir-salle-de-bain-nova-style-miroir-pear-ii-cm/","https://novastyle.ma/images/miroir-salle-de-bain-nova-style-miroir-pear-ii-cm/1.webp","Nova Style","Home & Garden > Decor > Mirrors"
"nova-style-deux-miroirs-triples","Nova Style : Trois Miroirs TRIPLES","Nova Style : Trois Miroirs TRIPLES","in stock","new","1300 MAD","https://novastyle.ma/produits/nova-style-deux-miroirs-triples/","https://novastyle.ma/images/nova-style-deux-miroirs-triples/1.webp","Nova Style","Home & Garden > Decor > Mirrors"
"miroir-rectangulaire-bright-ii","Miroir Rectangulaire Bright II","Miroir Rectangulaire Bright II","in stock","new","800 MAD","https://novastyle.ma/produits/miroir-rectangulaire-bright-ii/","https://novastyle.ma/images/miroir-rectangulaire-bright-ii/1.webp","Nova Style","Home & Garden > Decor > Mirrors"
"nova-style-miroir-rectangulaire","Nova Style : Miroir RECTANGULAIRE","Nova Style : Miroir RECTANGULAIRE","in stock","new","500 MAD","https://novastyle.ma/produits/nova-style-miroir-rectangulaire/","https://novastyle.ma/images/nova-style-miroir-rectangulaire/1.webp","Nova Style","Home & Garden > Decor > Mirrors"
"nova-style-miroir-pentagone-2","Nova Style : Miroir PENTAGONE 2","Nova Style : Miroir PENTAGONE 2","in stock","new","850 MAD","https://novastyle.ma/produits/nova-style-miroir-pentagone-2/","https://novastyle.ma/images/nova-style-miroir-pentagone-2/1.webp","Nova Style","Home & Garden > Decor > Mirrors"
"nova-style-miroir-vortex","Miroir de salon Casablanca Nova Style : Miroir Vortex","Miroir de salon Casablanca Nova Style : Miroir Vortex","in stock","new","650 MAD","https://novastyle.ma/produits/nova-style-miroir-vortex/","https://novastyle.ma/images/nova-style-miroir-vortex/1.webp","Nova Style","Home & Garden > Decor > Mirrors"
"nova-style-miroir-halo","Miroir de salle de bain Nova Style : Miroir HALO","Miroir de salle de bain Nova Style : Miroir HALO","in stock","new","500 MAD","https://novastyle.ma/produits/nova-style-miroir-halo/","https://novastyle.ma/images/nova-style-miroir-halo/1.webp","Nova Style","Home & Garden > Decor > Mirrors"
"nova-style-miroir-pear","Nova Style : Miroir PEAR","Nova Style : Miroir PEAR","in stock","new","600 MAD","https://novastyle.ma/produits/nova-style-miroir-pear/","https://novastyle.ma/images/nova-style-miroir-pear/1.webp","Nova Style","Home & Garden > Decor > Mirrors"
"nova-style-miroir-eclipse-bright","Nova Style : Miroir ÉCLIPSE BRIGHT","Nova Style : Miroir ÉCLIPSE BRIGHT","in stock","new","450 MAD","https://novastyle.ma/produits/nova-style-miroir-eclipse-bright/","https://novastyle.ma/images/nova-style-miroir-eclipse-bright/1.webp","Nova Style","Home & Garden > Decor > Mirrors"
"nova-style-miroir-totem","Nova Style : Miroir TOTEM","Nova Style : Miroir TOTEM","in stock","new","600 MAD","https://novastyle.ma/produits/nova-style-miroir-totem/","https://novastyle.ma/images/nova-style-miroir-totem/1.webp","Nova Style","Home & Garden > Decor > Mirrors"
"nova-style-miroir-luxalight","Nova Style : Miroir LUXALIGHT","Nova Style : Miroir LUXALIGHT","in stock","new","420 MAD","https://novastyle.ma/produits/nova-style-miroir-luxalight/","https://novastyle.ma/images/nova-style-miroir-luxalight/1.webp","Nova Style","Home & Garden > Decor > Mirrors"
"nova-style-miroir-elvis-woody","Nova Style : Miroir ELVIS WOODY","Nova Style : Miroir ELVIS WOODY","in stock","new","1600 MAD","https://novastyle.ma/produits/nova-style-miroir-elvis-woody/","https://novastyle.ma/images/nova-style-miroir-elvis-woody/1.webp","Nova Style","Home & Garden > Decor > Mirrors"
"nova-style-miroir-drizzle","Nova Style : Miroir DRIZZLE","Nova Style : Miroir DRIZZLE","in stock","new","1000 MAD","https://novastyle.ma/produits/nova-style-miroir-drizzle/","https://novastyle.ma/images/nova-style-miroir-drizzle/1.webp","Nova Style","Home & Garden > Decor > Mirrors"
"nova-style-miroir-rectangulaire-bright","Nova Style : Miroir Rectangulaire Bright","Nova Style : Miroir Rectangulaire Bright","in stock","new","800 MAD","https://novastyle.ma/produits/nova-style-miroir-rectangulaire-bright/","https://novastyle.ma/images/nova-style-miroir-rectangulaire-bright/1.webp","Nova Style","Home & Garden > Decor > Mirrors"
"nova-style-miroir-split","Nova Style : Miroir Split","Nova Style : Miroir Split","in stock","new","1500 MAD","https://novastyle.ma/produits/nova-style-miroir-split/","https://novastyle.ma/images/nova-style-miroir-split/1.webp","Nova Style","Home & Garden > Decor > Mirrors"
"nova-style-miroir-galet-2","Nova Style : Miroir GALET 2","Nova Style : Miroir GALET 2","in stock","new","800 MAD","https://novastyle.ma/produits/nova-style-miroir-galet-2/","https://novastyle.ma/images/nova-style-miroir-galet-2/1.webp","Nova Style","Home & Garden > Decor > Mirrors"
"nova-style-miroir-zenith","Nova Style : Miroir ZENITH","Nova Style : Miroir ZENITH","in stock","new","880 MAD","https://novastyle.ma/produits/nova-style-miroir-zenith/","https://novastyle.ma/images/nova-style-miroir-zenith/1.webp","Nova Style","Home & Garden > Decor > Mirrors"
"nova-style-miroir-havana","Nova Style : Miroir HAVANA","Nova Style : Miroir HAVANA","in stock","new","500 MAD","https://novastyle.ma/produits/nova-style-miroir-havana/","https://novastyle.ma/images/nova-style-miroir-havana/1.webp","Nova Style","Home & Garden > Decor > Mirrors"
"nova-style-miroir-magnum","Nova Style : Miroir MAGNUM","Nova Style : Miroir MAGNUM","in stock","new","1200 MAD","https://novastyle.ma/produits/nova-style-miroir-magnum/","https://novastyle.ma/images/nova-style-miroir-magnum/1.webp","Nova Style","Home & Garden > Decor > Mirrors"
"nova-style-miroir-sunrise","Nova Style : Miroir SUNRISE","Nova Style : Miroir SUNRISE","in stock","new","440 MAD","https://novastyle.ma/produits/nova-style-miroir-sunrise/","https://novastyle.ma/images/nova-style-miroir-sunrise/1.webp","Nova Style","Home & Garden > Decor > Mirrors"
"nova-style-miroir-pear-ii","Nova Style : Miroir PEAR II","Nova Style : Miroir PEAR II","in stock","new","500 MAD","https://novastyle.ma/produits/nova-style-miroir-pear-ii/","https://novastyle.ma/images/nova-style-miroir-pear-ii/1.webp","Nova Style","Home & Garden > Decor > Mirrors"
"nova-style-miroir-cloud","Nova Style : Miroir CLOUD","Nova Style : Miroir CLOUD","in stock","new","1500 MAD","https://novastyle.ma/produits/nova-style-miroir-cloud/","https://novastyle.ma/images/nova-style-miroir-cloud/1.webp","Nova Style","Home & Garden > Decor > Mirrors"
"nova-style-miroir-pebble","Miroir salle de bain maroc Nova Style : PEBBLE","Miroir salle de bain maroc Nova Style : PEBBLE","in stock","new","500 MAD","https://novastyle.ma/produits/nova-style-miroir-pebble/","https://novastyle.ma/images/nova-style-miroir-pebble/1.webp","Nova Style","Home & Garden > Decor > Mirrors"
"nova-style-miroir-eclipse-cm","Nova Style : Miroir ÉCLIPSE CM","Nova Style : Miroir ÉCLIPSE CM","in stock","new","1050 MAD","https://novastyle.ma/produits/nova-style-miroir-eclipse-cm/","https://novastyle.ma/images/nova-style-miroir-eclipse-cm/1.webp","Nova Style","Home & Garden > Decor > Mirrors"
"nova-style-miroir-hawaii-sdb","Nova Style : Miroir HAWAII SDB","Nova Style : Miroir HAWAII SDB","in stock","new","1400 MAD","https://novastyle.ma/produits/nova-style-miroir-hawaii-sdb/","https://novastyle.ma/images/nova-style-miroir-hawaii-sdb/1.webp","Nova Style","Home & Garden > Decor > Mirrors"
"table-basse-de-sejour-en-bois-de-hetre-et-verre-trempe-8mm","Table de Sejour en Bois de Hetre et Verre Trempe","Table de Sejour en Bois de Hetre et Verre Trempe","in stock","new","1580 MAD","https://novastyle.ma/produits/table-basse-de-sejour-en-bois-de-hetre-et-verre-trempe-8mm/","https://novastyle.ma/images/table-basse-de-sejour-en-bois-de-hetre-et-verre-trempe-8mm/1.webp","Nova Style","Home & Garden > Decor > Mirrors"
"miroir-marrakech-nova-style-miroir-celia","Miroir marrakech CELIA Nova Style","Miroir marrakech CELIA Nova Style","in stock","new","1580 MAD","https://novastyle.ma/produits/miroir-marrakech-nova-style-miroir-celia/","https://novastyle.ma/images/miroir-marrakech-nova-style-miroir-celia/1.webp","Nova Style","Home & Garden > Decor > Mirrors"
"douche-italienne-en-forme-droite","Douche italienne en forme droite","Douche italienne en forme droite","in stock","new","350 MAD","https://novastyle.ma/produits/douche-italienne-en-forme-droite/","https://novastyle.ma/images/douche-italienne-en-forme-droite/1.webp","Nova Style","Home & Garden > Decor > Mirrors"
"miroir-maroc-nova-style-miroir-anfa","Miroir maroc nova style : Miroir ANFA","Miroir maroc nova style : Miroir ANFA","in stock","new","460 MAD","https://novastyle.ma/produits/miroir-maroc-nova-style-miroir-anfa/","https://novastyle.ma/images/miroir-maroc-nova-style-miroir-anfa/1.webp","Nova Style","Home & Garden > Decor > Mirrors"
"miroir-magnum-essentiel","Miroir pas cher MAGNUM essentiel","Miroir pas cher MAGNUM essentiel","in stock","new","350 MAD","https://novastyle.ma/produits/miroir-magnum-essentiel/","https://novastyle.ma/images/miroir-magnum-essentiel/1.webp","Nova Style","Home & Garden > Decor > Mirrors"
"consol-et-miroir-nova-style-ensemble","Consol et miroir NOVA STYLE : Élégance Stylish","Consol et miroir NOVA STYLE : Élégance Stylish","in stock","new","2500 MAD","https://novastyle.ma/produits/consol-et-miroir-nova-style-ensemble/","https://novastyle.ma/images/consol-et-miroir-nova-style-ensemble/1.webp","Nova Style","Home & Garden > Decor > Mirrors"
"miroir-anfa-essentiel","Miroir pas cher au maroc ANFA essentiel","Miroir pas cher au maroc ANFA essentiel","in stock","new","350 MAD","https://novastyle.ma/produits/miroir-anfa-essentiel/","https://novastyle.ma/images/miroir-anfa-essentiel/1.webp","Nova Style","Home & Garden > Decor > Mirrors"
"table-basse-de-sejour-en-bois-mdf-et-verre-trempe","Table BAMBOU","Table BAMBOU","in stock","new","880 MAD","https://novastyle.ma/produits/table-basse-de-sejour-en-bois-mdf-et-verre-trempe/","https://novastyle.ma/images/table-basse-de-sejour-en-bois-mdf-et-verre-trempe/1.webp","Nova Style","Home & Garden > Decor > Mirrors"
"miroire-nova-style-miroir-horizon","Miroire de nova Style : Miroir Horizon","Miroire de nova Style : Miroir Horizon","in stock","new","460 MAD","https://novastyle.ma/produits/miroire-nova-style-miroir-horizon/","https://novastyle.ma/images/miroire-nova-style-miroir-horizon/1.webp","Nova Style","Home & Garden > Decor > Mirrors"
"douche-italienne-en-l-verre-trempe","devis douche italienne en verre trempé TYPE L: Personnalisez votre douche à l'italienne en forme L","devis douche italienne en verre trempé TYPE L: Personnalisez votre douche à l'italienne en forme L","in stock","new","350 MAD","https://novastyle.ma/produits/douche-italienne-en-l-verre-trempe/","https://novastyle.ma/images/douche-italienne-en-l-verre-trempe/1.webp","Nova Style","Home & Garden > Decor > Mirrors"
"table-de-sejour-en-bois-mdf-et-verre-trempe","Table de Séjour en Bois MDF et Verre Trempé","Table de Séjour en Bois MDF et Verre Trempé","in stock","new","980 MAD","https://novastyle.ma/produits/table-de-sejour-en-bois-mdf-et-verre-trempe/","https://novastyle.ma/images/table-de-sejour-en-bois-mdf-et-verre-trempe/1.webp","Nova Style","Home & Garden > Decor > Mirrors"
"nova-style-miroir-rotin-irregulier-bois-nova-style","Miroir Rotin Irrégulier & Bois - Nova Style","Miroir Rotin Irrégulier & Bois - Nova Style","in stock","new","708 MAD","https://novastyle.ma/produits/nova-style-miroir-rotin-irregulier-bois-nova-style/","https://novastyle.ma/assets/images/nova-style-miroir-rotin-irregulier-bois-nova-style/1.webp","Nova Style","Home & Garden > Decor > Mirrors"
"miroir-gale-salle-de-bain-led-antibuee-anticorrosion","Miroir de salle de bain au Maroc - Galet Antibuée & Anticorrosion","Miroir de salle de bain au Maroc - Galet Antibuée & Anticorrosion","in stock","new","800 MAD","https://novastyle.ma/produits/miroir-gale-salle-de-bain-led-antibuee-anticorrosion/","https://novastyle.ma/images/miroir-gale-salle-de-bain-led-antibuee-anticorrosion/1.webp","Nova Style","Home & Garden > Decor > Mirrors"
"miroir-avec-cadre-nova-style-miroir-rectangulaire-cm","Miroir avec cadre nova Style : Miroir Rectangulaire CM","Miroir avec cadre nova Style : Miroir Rectangulaire CM","in stock","new","1580 MAD","https://novastyle.ma/produits/miroir-avec-cadre-nova-style-miroir-rectangulaire-cm/","https://novastyle.ma/images/miroir-avec-cadre-nova-style-miroir-rectangulaire-cm/1.webp","Nova Style","Home & Garden > Decor > Mirrors"
"nova-style-miroir-rectangulaire-1","Nova Style : Miroir RECTANGULAIRE","Nova Style : Miroir RECTANGULAIRE","in stock","new","450 MAD","https://novastyle.ma/produits/nova-style-miroir-rectangulaire-1/","https://novastyle.ma/images/nova-style-miroir-rectangulaire-1/1.webp","Nova Style","Home & Garden > Decor > Mirrors"
"nova-style-miroir-lightning","Nova Style : Miroir Lightning","Nova Style : Miroir Lightning","in stock","new","550 MAD","https://novastyle.ma/produits/nova-style-miroir-lightning/","https://novastyle.ma/images/nova-style-miroir-lightning/1.webp","Nova Style","Home & Garden > Decor > Mirrors"
"miroir-eclipse-essentiel","Miroir pas cher avec led ECLIPSE essentiel","Miroir pas cher avec led ECLIPSE essentiel","in stock","new","350 MAD","https://novastyle.ma/produits/miroir-eclipse-essentiel/","https://novastyle.ma/images/miroir-eclipse-essentiel/1.webp","Nova Style","Home & Garden > Decor > Mirrors"
"nova-style-miroir-asymetrique","Nova Style : Miroir Asymétrique","Nova Style : Miroir Asymétrique","in stock","new","850 MAD","https://novastyle.ma/produits/nova-style-miroir-asymetrique/","https://novastyle.ma/images/nova-style-miroir-asymetrique/1.webp","Nova Style","Home & Garden > Decor > Mirrors"
"magasin-miroir-casablanca-nova-style-miroir-eclipse","Magasin miroir casablanca nova Style : Miroir ÉCLIPSE","Magasin miroir casablanca nova Style : Miroir ÉCLIPSE","in stock","new","450 MAD","https://novastyle.ma/produits/magasin-miroir-casablanca-nova-style-miroir-eclipse/","https://novastyle.ma/images/magasin-miroir-casablanca-nova-style-miroir-eclipse/1.webp","Nova Style","Home & Garden > Decor > Mirrors"
"nova-style-miroir-octogonal","Nova Style : Miroir OCTAGONAL","Nova Style : Miroir OCTAGONAL","in stock","new","420 MAD","https://novastyle.ma/produits/nova-style-miroir-octogonal/","https://novastyle.ma/images/nova-style-miroir-octogonal/1.webp","Nova Style","Home & Garden > Decor > Mirrors"
"nova-style-miroir-upside-down","Nova Style : Deux Miroirs Upside-Down","Nova Style : Deux Miroirs Upside-Down","in stock","new","1000 MAD","https://novastyle.ma/produits/nova-style-miroir-upside-down/","https://novastyle.ma/images/nova-style-miroir-upside-down/1.webp","Nova Style","Home & Garden > Decor > Mirrors"
"nova-style-miroir-dunes","Nova Style : Miroir DUNES","Nova Style : Miroir DUNES","in stock","new","1200 MAD","https://novastyle.ma/produits/nova-style-miroir-dunes/","https://novastyle.ma/images/nova-style-miroir-dunes/1.webp","Nova Style","Home & Garden > Decor > Mirrors"
"nova-style-miroir-galet-vertical","Nova Style : Miroir Galet Vertical","Nova Style : Miroir Galet Vertical","in stock","new","600 MAD","https://novastyle.ma/produits/nova-style-miroir-galet-vertical/","https://novastyle.ma/images/nova-style-miroir-galet-vertical/1.webp","Nova Style","Home & Garden > Decor > Mirrors"
"nova-style-miroir-de-salon-rotin-anfa-bois-nova-style","Miroir de salon Rotin ANFA & Bois - Nova Style","Miroir de salon Rotin ANFA & Bois - Nova Style","in stock","new","708 MAD","https://novastyle.ma/produits/nova-style-miroir-de-salon-rotin-anfa-bois-nova-style/","https://novastyle.ma/images/nova-style-miroir-de-salon-rotin-anfa-bois-nova-style/1.webp","Nova Style","Home & Garden > Decor > Mirrors"
"miroir-de-salle-de-bain-ovale-anti-buee-et-anticorrosion","Miroir de salle de bain anti-buée et anticorrosion : Miroir NOURA de NOVA STYLE","Miroir de salle de bain anti-buée et anticorrosion : Miroir NOURA de NOVA STYLE","in stock","new","540 MAD","https://novastyle.ma/produits/miroir-de-salle-de-bain-ovale-anti-buee-et-anticorrosion/","https://novastyle.ma/images/miroir-de-salle-de-bain-ovale-anti-buee-et-anticorrosion/1.webp","Nova Style","Home & Garden > Decor > Mirrors"
"nova-style-oducts-miroir-de-salle-de-bain-anti-buee-et-anticorrosion-miroir-noura","Miroir de salle de bain anti-buée et anticorrosion : Miroir NOURA","Miroir NOURA anti-buée et anticorrosion avec LED 6000K. Fabrication sur mesure à Casablanca. Livraison rapide partout au Maroc. Design moderne et durable.","in stock","new","850 MAD","https://novastyle.ma/produits/nova-style-oducts-miroir-de-salle-de-bain-anti-buee-et-anticorrosion-miroir-noura/","https://novastyle.ma/images/nova-style-oducts-miroir-de-salle-de-bain-anti-buee-et-anticorrosion-miroir-noura/1.webp","Nova Style","Home & Garden > Decor > Mirrors"
"nova-style-miroir-de-salon-teddy-duo-de-nova-style","Miroir de salon TEDDY DUO de Nova Style","Miroir TEDDY DUO Set de deux miroirs sculpturaux en tissu bouclé, fabriqués sur mesure à Casablanca. Grand miroir de sol TEDDY FLOOR et petit miroir TEDDY OVAL","in stock","new","1850 MAD","https://novastyle.ma/produits/nova-style-miroir-de-salon-teddy-duo-de-nova-style/","https://novastyle.ma/images/nova-style-miroir-de-salon-teddy-duo-de-nova-style/1.webp","Nova Style","Home & Garden > Decor > Mirrors"
"nova-style-miroir-de-salon-et-dressing-rital-grand-miroir-de-sol-sculptural-en-tissu-boucle","Miroir de salon et dressing RITAL — Grand Miroir de Sol Sculptural en Tissu Bouclé","Nova Style : Miroir RITAL — Grand miroir de sol sculptural en tissu bouclé, fabriqué sur mesure à Casablanca.","in stock","new","1750 MAD","https://novastyle.ma/produits/nova-style-miroir-de-salon-et-dressing-rital-grand-miroir-de-sol-sculptural-en-tissu-boucle/","https://novastyle.ma/images/nova-style-miroir-de-salon-et-dressing-rital-grand-miroir-de-sol-sculptural-en-tissu-boucle/1.webp","Nova Style","Home & Garden > Decor > Mirrors"